"LOCATION_ID","THEATER_ID","LOCATION_NAME","LOCATION_ADD","LOCATION_TEL","LOCATION_IMG"
101,1,HICGV강남,서울특별시 강남구 역삼동 814-6 스타플렉스,"1544-1122",https://img.cgv.co.kr/Theater/Theater/2014/1211/CGVgangnam.jpg
102,1,HICGV명동,서울특별시 중구 명동2가 83-5번지 눈스퀘어 8층,"1544-1122",https://img.cgv.co.kr/Theater/Theater/2014/1211/CGVmyeongdong.jpg
103,1,HICGV구로,서울특별시 구로구 구로5동 573번지 NC신구로점 6층,"1544-1122",https://img.cgv.co.kr/Theater/Theater/2014/1211/noimage_final(40).jpg
104,1,HICGV홍대,서울특별시 마포구 동교동 159-8,"1544-1122",https://img.cgv.co.kr/Theater/Theater/2014/1211/cgvhongdae.jpg
105,1,HICGV송파,서울특별시 송파구 장지동 201-27 가든파이브 라이프 영관 10층,"1544-1122",https://img.cgv.co.kr/Theater/Theater/2020/1214/16079376162750.jpg
106,2,HICGV김포,경기도 김포시 풍무동 202-1 김포풍무웰라움퍼펙트시티 5층,"1544-1122",https://img.cgv.co.kr/Theater/Theater/2021/0426/16194052022580.jpg
107,2,HICGV이천,경기도 이천시 중리동 201-1 랜드마크ICC 4층,"1544-1122",https://img.cgv.co.kr/Theater/Theater/2015/0224/CGV%EC%9D%B4%EC%B2%9C1(1).jpg
108,2,HICGV용인,"경기도 용인시 처인구 김량장동 301-3, 5층","1544-1122",https://img.cgv.co.kr/Theater/Theater/2018/0330/15224028011320.jpg
109,2,HICGV평촌,경기도 안양시 동안구 관양동 1606번지 8층,"1544-1122",https://img.cgv.co.kr/Theater/Theater/2015/0612/pyung(1).JPG
110,3,HICGV계양,인천광역시 계양구 작전동 899-1 메트로몰 8층,"1544-1122",https://img.cgv.co.kr/Theater/Theater/2014/1211/CGVgyeyang.jpg
111,3,HICGV주안,인천광역시 미추홀구 주안동 30-1 카라아울렛 6~10층,"1544-1122",https://img.cgv.co.kr/Theater/Theater/2020/0727/15958255627080.JPG
112,3,HICGV연수,인천광역시 연수구 청학동 496-4 8층,"1544-1122",https://img.cgv.co.kr/Theater/Theater/2017/0713/14999113202140.jpg
113,4,HICGV강릉,강원도 강릉시 옥천동 189 씨네몰 6~8층,"1544-1122",https://img.cgv.co.kr/Theater/Theater/2014/1211/CGV%20Gangneung.jpg
114,4,HICGV원주,강원도 원주시 단계동 877-1 W-city(원주 시외버스 터미널) 7층,"1544-1122",https://img.cgv.co.kr/Theater/Theater/2014/1211/cgvwonju.jpg
115,4,HICGV춘천,강원도 춘천시 퇴계동 1017 투탑시티 3층~8층,"1544-1122",https://img.cgv.co.kr/Theater/Theater/2014/1211/cgvchuncheon.jpg
116,5,HICGV대전,대전광역시 중구 문화동 1-16 세이2 6층,"1544-1122",https://img.cgv.co.kr/Theater/Theater/2014/1211/CGVdeajeon.jpg
117,5,HICGV세종,세종특별자치시 종촌동 673 몰리브 7층 CGV,"1544-1122",https://img.cgv.co.kr/Theater/Theater/2015/1208/sejong_mian.jpg
118,5,HICGV청주,충청북도 청주시 상당구 서문동 29-2,"1544-1122",https://img.cgv.co.kr/Theater/Theater/2016/0202/noimage_final(37).jpg
