"USER_ID","ID","PASSWORD","NAME","PHONE_NUMBER","NICKNAME","GENDER","DATE_BIRTH","LOCATION","CREATE_AT","EMAIL","GRADE","QUESTION","ANSWER"
41,admin,"1",관리자,"010-0000-0000",admin,M,"2001.01.01",서울특별시 구로구 시흥대로163길 33-1,2022-02-28 12:42:27.824,test01@naver.com,1,질문0,답0
42,test01,"111111",홍길동,"010-1111-1111",nick1,M,"2001.01.02",서울특별시 구로구 시흥대로163길 33-1,2022-02-28 12:42:27.824,test01@naver.com,2,질문1,답1
43,test02,"222222",고길동,"010-2222-2222",nick2,M,"2002.02.02",서울특별시 구로구 시흥대로163길 33-2,2022-02-28 12:42:27.824,test02@naver.com,2,질문2,답3
44,test03,"333333",김영희,"010-3333-3333",nick3,Y,"2003.03.03",서울특별시 구로구 시흥대로163길 33-3,2022-02-28 12:42:27.824,test03@naver.com,2,질문3,답3
45,test04,"444444",test04,"010-4444-4444",nick4,M,"2003.03.03",서울특별시 구로구 시흥대로163길 33-3,2022-02-28 12:42:27.824,test04@naver.com,2,질문4,답4
46,test05,"555555",test05,"010-5555-5555",nick5,Y,"2003.03.03",서울특별시 구로구 시흥대로163길 33-3,2022-02-28 12:42:27.824,test05@naver.com,2,질문5,답5
47,test06,"666666",test06,"010-6666-6666",nick6,M,"2003.03.03",서울특별시 구로구 시흥대로163길 33-3,2022-02-28 12:42:27.824,test06@naver.com,2,질문6,답6
48,test07,"777777",test07,"010-7777-7777",nick7,M,"2003.03.03",서울특별시 구로구 시흥대로163길 33-3,2022-02-28 12:42:27.824,test07@naver.com,2,질문7,답7
49,test08,"888888",test08,"010-8888-8888",nick8,Y,"2003.03.03",서울특별시 구로구 시흥대로163길 33-3,2022-02-28 12:42:27.839,test08@naver.com,2,질문8,답8
50,test09,"999999",test09,"010-9999-9999",nick9,M,"2003.03.03",서울특별시 구로구 시흥대로163길 33-3,2022-02-28 12:42:27.839,test09@naver.com,2,질문9,답9
51,test10,"101010",test10,"010-1010-1010",nick10,Y,"2003.03.03",서울특별시 구로구 시흥대로163길 33-3,2022-02-28 12:42:27.839,test10@naver.com,2,질문10,답10
52,test11,"111111",test11,"010-1011-1011",nick11,Y,"2003.03.03",서울특별시 구로구 시흥대로163길 33-3,2022-02-28 12:42:27.839,test11@naver.com,2,질문11,답11
53,test12,"121212",test12,"010-1012-1012",nick12,Y,"2003.03.03",서울특별시 구로구 시흥대로163길 33-3,2022-02-28 12:42:27.839,test12@naver.com,2,질문12,답12
54,test13,"131313",test13,"010-1013-1013",nick13,Y,"2003.03.03",서울특별시 구로구 시흥대로163길 33-3,2022-02-28 12:42:27.839,test13@naver.com,2,질문13,답13
55,test14,"141414",test14,"010-1014-1014",nick14,Y,"2003.03.03",서울특별시 구로구 시흥대로163길 33-3,2022-02-28 12:42:27.839,test14@naver.com,2,질문14,답14
