"MOVIE_ID","RANKING","TITLE_KOR","TITLE_ENG","OPENING_DATE","GENRE","NATION","RUNNING_TIME","DESCRIPTION","AGE_LIMIT","IMAGE_URL","AUDIENCE_TOTAL","AUDIENCE_TODAY","AUDIENCE_YESTERDAY","AUDIENCE_RATING","BOOKING_RATE","DIRECTOR","ACTOR"
20210028,8,스파이더맨: 노 웨이 홈,Spider-Man: No Way Home,2021-12-15 00:00:00.000,"액션,어드벤처,SF",,148,‘미스테리오’의 계략으로 세상에 정체가 탄로난 <br> 스파이더맨 ‘피터 파커’는 하루 아침에 평범한 일상을 잃게 된다.<br> 문제를 해결하기 위해 ‘닥터 스트레인지’를 찾아가 도움을 청하지만<br> 뜻하지 않게 멀티버스가 열리면서 각기 다른 차원의 불청객들이 나타난다.<br> ‘닥터 옥토퍼스’를 비롯해 스파이더맨에게 깊은 원한을 가진 숙적들의 강력한 공격에<br> ‘피터 파커’는 사상 최악의 위기를 맞게 되는데…,"12세관람가",https://movie-phinf.pstatic.net/20211215_297/1639556766975z0641_JPEG/movie_image.jpg?type=m203_290_2,7530820,2564,-999,,,존 왓츠,"톰 홀랜드,젠데이아 콜먼,베네딕트 컴버배치,제이콥 배덜런,존 파브로,마리사 토메이"
20188441,9,킹메이커,Kingmaker,2022-01-26 00:00:00.000,드라마,,123,"세상을 바꾸기 위해 도전하는 정치인 ‘김운범’ 앞에 <br> 그와 뜻을 함께하고자 선거 전략가 ‘서창대’가 찾아온다. <br>  <br> 열세인 상황 속에서 서창대는 아무도 상상하지 못한 선거 전략을 펼치고 <br> ‘김운범’은 선거에 연이어 승리하며, 당을 대표하는 대통령 후보까지 올라서게 된다. <br>  <br> 대통령 선거를 향한 본격적인 행보가 시작되고 그들은 당선을 위해 총력을 기울인다. <br>  <br> 그러던 중 ‘김운범’ 자택에 폭발물이 터지는 사건이 발생하고 <br> 용의자로 ‘서창대’가 지목되면서 둘의 관계는 새로운 국면을 맞이하게 되는데... <br>  <br> 치열한 선거판, <br> 그 중심에 있던 두 남자의 이야기가 시작된다!","15세관람가",https://movie-phinf.pstatic.net/20220126_227/1643182432127j8nuq_JPEG/movie_image.jpg?type=m203_290_2,770233,2344,-1284,,,변성현,"설경구,이선균,유재명,조우진,박인환,이해영,김성오,전배수,서은수,김종수,윤경호,김새벽,정우혁,이화룡,배종옥"
20212708,99,시라노,Cyrano,2022-02-23 00:00:00.000,"멜로/로맨스,뮤지컬,드라마",,123,"사랑을 대신 써주는 남자 시라노! <br> 여기, 10명의 남자와 싸울 용기는 있지만 평생을 사랑해 온 한 여자에게 고백할 용기만큼은 없는 작은 시인이 있다. <br> 그가 사랑한 여자는 바로... <br>  <br> 진실된 사랑을 찾는 여자 록산! <br> ""아이들은 사랑이 필요하고, 어른들은 돈이 필요해.""라고 말하는 시대. 하지만, 록산은 진짜 사랑을 원한다. <br> 그런 그녀 앞에 눈부신 남자 크리스티앙이 나타나고, 두 사람은 첫 눈에 반하고 마는데… <br>  <br> 사랑의 시를 빌려 쓴 남자 크리스티앙! <br> 록산을 향한 뜨거운 마음을 표현할 줄 모르는 그는 시라노가 대신 써준 편지로 그녀에게 마음을 전하기 시작한다. <br>  <br> 지금부터, 엇갈린 사랑의 노래로 전하는 화려하고 아름다운 로맨스가 펼쳐진다!","12세관람가",https://movie-phinf.pstatic.net/20220126_141/16431640074596bpt3_JPEG/movie_image.jpg?type=m203_290_2,15891,1856,-357,,,조 라이트,"피터 딘클리지,헤일리 베넷,켈빈 해리슨 주니어"
20212741,3,안테벨룸,Antebellum,2022-02-23 00:00:00.000,"미스터리,스릴러",,105,"그것이 당신을 지목했고, <br> 아무도 당신을 구할 수 없다. <br>  <br> 당신은 선택되었다.","15세관람가",https://movie-phinf.pstatic.net/20220120_114/1642670007393r2KR2_JPEG/movie_image.jpg?type=m203_290_2,62956,6923,-5127,,,"제라드 부시,크리스토퍼 렌즈","자넬 모네,잭 휴스턴,지나 말론"
20208006,5,인민을 위해 복무하라,SERVE THE PEOPLE,2022-02-23 00:00:00.000,"멜로/로맨스,드라마",,146,"모범사병으로 사단장 사택의 취사병이 된 ‘무광’ <br> 그의 목표는 오직 아내와 아이를 위해 출세의 길에 오르는 것이다 <br>  <br> 그러나, 사단장이 출장을 간 사이 시작된 <br> 그의 젊은 아내 ‘수련’의 위험한 유혹에 <br>  <br> ‘무광’은 자신의 목표와 신념 그리고 <br> 빠져보고 싶은 금기된 사랑 사이에서 갈등을 겪는데… <br>  <br> 빠져보고 싶은 유혹 <br> 스크린에 뜨겁게 피어나다!","18세관람가",https://movie-phinf.pstatic.net/20220223_93/1645596742589KTCfc_JPEG/movie_image.jpg?type=m203_290_2,53759,5275,-3932,,,장철수,"연우진,지안,조성하"
20148493,,어벤져스: 에이지 오브 울트론,The Avengers: Age of Ultron,2015-04-23 00:00:00.000,"액션,어드벤처,판타지,SF",,141,"쉴드의 숙적 히드라는 연구를 통해 새로운 능력자 막시모프 남매를 탄생시키고, 히드라의 기지를 공격하는 도중 토니 스타크는 완다 막시모프의 초능력으로 인해 자신이 가장 두려워하는 미래를 보게 된다.<br>&nbsp;이에 '뉴욕전쟁' 때와 같은 사태가 벌어지지 않도록 스타크는 배너 박사와 함께 지구를 지킬 최강의 인공지능 울트론을 탄생시키게 되지만, 울트론은 예상과 다르게 지배를 벗어나 폭주하기 시작하는데...","12세관람가",https://movie-phinf.pstatic.net/20150324_33/1427159150181p9uQM_JPEG/movie_image.jpg?type=m203_290_2,,,,,,조스 웨던,"로버트 다우니 주니어,크리스 헴스워스,마크 러팔로,크리스 에반스,스칼렛 요한슨,제레미 레너,돈 치들,애런 존슨,엘리자베스 올슨,폴 베타니,코비 스멀더스,제임스 스페이더,사무엘 L. 잭슨,수현"
20201965,6,해적: 도깨비 깃발,The Pirates : The Last Royal Treasure,2022-01-26 00:00:00.000,"어드벤처,액션,코미디",,125,"자칭 고려 제일검인 의적단 두목 ‘무치’(강하늘)와 <br> 바다를 평정한 해적선의 주인 ‘해랑’(한효주). <br> 한 배에서 운명을 함께하게 된 이들이지만 <br> 산과 바다, 태생부터 상극으로 사사건건 부딪히며 바람 잘 날 없는 항해를 이어간다. <br>  <br> 그러던 어느 날, 왜구선을 소탕하던 이들은 <br> 흔적도 없이 사라진 왕실의 보물이 어딘가 숨겨져 있다는 사실을 알게 되고 <br> 해적 인생에 다시없을 최대 규모의 보물을 찾아 위험천만한 모험에 나서기 시작한다. <br>  <br> 하지만 사라진 보물을 노리는 건 이들뿐만이 아니었으니! <br> 원하는 것을 얻기 위해 수단과 방법을 가리지 않는 역적 ‘부흥수’(권상우) 또한 <br> 보물을 차지하기 위해 바다에 뛰어드는데...! <br>  <br> 해적과 의적, 그리고 역적 <br> 사라진 보물! 찾는 자가 주인이다!","12세관람가",https://movie-phinf.pstatic.net/20220126_99/16431781439406dpnP_JPEG/movie_image.jpg?type=m203_290_2,1318464,3650,-4351,,,김정훈,"강하늘,한효주,이광수,권상우,채수빈,오세훈,김성오,박지환"
20196309,99,스파이더맨: 파 프롬 홈,Spider-Man: Far From Home,2019-07-02 00:00:00.000,"액션,어드벤처,코미디,SF",,129,"‘엔드게임’ 이후 변화된 세상, <br>&nbsp;스파이더맨 ‘피터 파커’는 학교 친구들과 유럽 여행을 떠나게 된다. <br>&nbsp;그런 그의 앞에 ‘닉 퓨리’가 등장해 도움을 요청하고 <br>&nbsp;정체불명의 조력자 ‘미스테리오’까지 합류하게 되면서 <br>&nbsp;전 세계를 위협하는 새로운 빌런 ‘엘리멘탈 크리쳐스’와 <br>&nbsp;맞서야만 하는 상황에 놓이게 되는데…","12세관람가",https://movie-phinf.pstatic.net/20190527_181/1558933159657a210P_JPEG/movie_image.jpg?type=m203_290_2,,,,,,존 왓츠,"톰 홀랜드,사무엘 L. 잭슨,젠데이아 콜먼,코비 스멀더스,존 파브로,마리사 토메이,제이크 질렌할,제이콥 배덜런"
20223737,,서바이벌리스트,The Survivalist,2022-02-24 00:00:00.000,"액션,스릴러",,90,"전 세계 문명이 파괴된 코로나 팬데믹 1년 6개월 후. <br>&nbsp; <br>&nbsp;가족을 지키지 못한 죄책감에 사로잡힌 전직 FBI 요원 ‘벤’은 <br>&nbsp;스스로를 고립시킨 채 가족농장을 요새 삼아 홀로 살아남았다. <br>&nbsp; <br>&nbsp;한편, 난민 수용소에서 유일하게 살아남아 탈출한 생존자 ‘사라’를 <br>&nbsp;바이러스 면역 항체를 보유한 인류의 해답이라 여긴 ‘아론’ 무리는 <br>&nbsp;그녀를 이용해 새로운 세상을 열겠다는 목표 아래 그 뒤를 쫓는다. <br>&nbsp; <br>&nbsp;은신처를 찾아 ‘벤’에게 온 ‘사라’를 지키기 위해 <br>&nbsp;그는 자신의 무기와 FBI 기술을 총동원해 그들을 포위한 ‘아론’에 맞서 대적하는데…","15세관람가",https://movie-phinf.pstatic.net/20220126_91/1643164539202HGrPU_JPEG/movie_image.jpg?type=m203_290_2,,,,,,,"조나단 리스 마이어스,존 말코비치,제나 리 그린"
20204431,99,모비우스,Morbius,2022-12-12 00:00:00.000,"액션,어드벤처,드라마",,155,"희귀혈액병을 앓고 있는 생화학자 ‘모비우스’(자레드 레토)는 <br>&nbsp;동료인 ‘마르틴’(아드리아 아르조나)과 함께 치료제 개발에 몰두한다. <br>&nbsp; <br>&nbsp;흡혈 박쥐를 연구하던 중 마침내 치료제 개발에 성공한 ‘모비우스’는 <br>&nbsp;새 생명과 강력한 힘을 얻게 되지만, <br>&nbsp;동시에 흡혈을 하지 않고는 생명을 유지할 수 없게 된다. <br>&nbsp; <br>&nbsp;그러던 중 ‘모비우스’와 같은 병을 앓고 있던 그의 친구 ‘마일로’(맷 스미스)도 <br>&nbsp;‘모비우스’와 같은 힘을 얻게 되는데… <br>&nbsp; <br>&nbsp;세상을 구할 능력, 파괴할 본능! <br>&nbsp;마블 최강의 안티 히어로가 탄생한다!","15세관람가",https://movie-phinf.pstatic.net/20220228_80/1646011096959RwfqJ_JPEG/movie_image.jpg?type=m203_290_2,,,,,,다니엘 에스피노사,"자레드 레토,맷 스미스,아드리아 아르호나,자레드 해리스,타이레스 깁슨"
20210087,99,듄,DUNE,2021-10-20 00:00:00.000,SF,,155,"10191년, 아트레이데스 가문의 후계자인 폴(티모시 샬라메)은 시공을 초월한 존재이자<br> 전 우주를 구원할 예지된 자의 운명을 타고났다.<br> 그리고 어떤 계시처럼 매일 꿈에서 아라키스 행성에 있는 한 여인을 만난다.<br> 모래언덕을 뜻하는 '듄'이라 불리는 아라키스는 물 한 방울 없는 사막이지만<br> 우주에서 가장 비싼 물질인 신성한 환각제 스파이스의 유일한 생산지로 이를 차지하기 위한 전쟁이 치열하다.<br> 황제의 명령으로 폴과 아트레이데스 가문은 죽음이 기다리는 아라키스로 향하는데…<br> <br> 위대한 자는 부름에 응답한다, 두려움에 맞서라, 이것은 위대한 시작이다!","12세관람가",https://movie-phinf.pstatic.net/20210915_104/1631681279096sdjNA_JPEG/movie_image.jpg?type=m203_290_2,,,,,,드니 빌뇌브,"티모시 샬라메,레베카 퍼거슨,오스카 아이삭,조슈 브롤린,제이슨 모모아,하비에르 바르뎀,젠데이아 콜먼,스텔란 스카스가드,장첸,데이브 바티스타,데이비드 다스트말치안,샬롯 램플링,샤론 던컨 브루스터,스티븐 헨더슨"
20211200,1,언차티드,Uncharted,2022-02-16 00:00:00.000,"액션,어드벤처",,115,"평범한 삶을 살던 ‘네이선’(톰 홀랜드)은 인생을 바꿀 뜻밖의 제안을 받는다. <br> 그의 미션은 위험한 트레져 헌터 ‘설리’(마크 월버그)와 함께 사라진 형과 500년 전 잃어버린 천문학적인 가치를 지닌 트레져를 찾아내는 것. <br>  <br> 그러나 몬카다(안토니오 반데라스)의 위협과 추격 속, <br> 누구보다 빠르게 미지의 세계에 닿기 위해 결단을 내려야만 하는데…","12세관람가",https://movie-phinf.pstatic.net/20220209_134/1644383194692LvFfD_JPEG/movie_image.jpg?type=m203_290_2,614842,26881,-24965,,,루벤 플레셔,"톰 홀랜드,마크 월버그,안토니오 반데라스,소피아 알리,타티 가브리엘"
20223743,7,나이트메어 앨리,Nightmare Alley,2022-02-23 00:00:00.000,"범죄,드라마,스릴러",,150,"성공에 목마르고 욕망으로 가득 찬 ‘스탠턴’은 <br> 절박한 상황에서 유랑극단에서 만난 독심술사 ‘지나’를 이용하여 <br> 사람의 마음을 간파하는 기술을 터득한다. <br>  <br> “사람들을 속이는 게 아냐, 사람들이 스스로를 속이는 거지” <br>  <br> 수려한 외모, 현란한 화술, 마음을 현혹시키는 능력으로 <br> 뉴욕 상류층 상대로 부를 손에 쥐게 된 ‘스탠턴’. <br> 채워지지 않는 그의 위험한 욕망을 꿰뚫어 본 심리학자 ‘릴리스’ 박사는 <br> 뉴욕에서 가장 위험한 거물을 그에게 소개해 주는데…","15세관람가",https://movie-phinf.pstatic.net/20220216_25/1644979622768ayXMn_JPEG/movie_image.jpg?type=m203_290_2,25478,2992,-2344,,,기예르모 델 토로,"브래들리 쿠퍼,케이트 블란쳇,토니 콜렛,윌렘 데포,리차드 젠킨스,루니 마라,론 펄먼,메리 스틴버겐,데이빗 스트라탄"
20212973,4,더 배트맨,The Batman,2022-03-01 00:00:00.000,"액션,범죄,드라마",,176,"지난 2년간 고담시의 어둠 속에서 범법자들을 응징하며 배트맨으로 살아온 브루스 웨인. 알프레드와 제임스 고든 경위의 도움 아래, 도시의 부패한 공직자들과 고위 관료들 사이에서 복수의 화신으로 활약한다. 고담의 시장 선거를 앞두고 고담의 엘리트 집단을 목표로 잔악한 연쇄살인을 저지르는 수수께끼 킬러 리들러가 나타나자, 최고의 탐정 브루스 웨인이 수사에 나서고 남겨진 단서를 풀어가며 캣우먼, 펭귄, 카마인 팔코네, 리들러를 차례대로 만난다. 사이코 범인의 미스터리를 수사하면서 그 모든 증거가 자신을 향한 의도적인 메시지였음을 깨닫고, 리들러에게 농락 당한 배트맨은 광기에 사로잡힌다. 범인의 무자비한 계획을 막고 오랫동안 고담시를 썩게 만든 권력 부패의 고리를 끊어야 하지만, 부모님의 죽음에 얽힌 진실이 밝혀지자 복수와 정의 사이에서 갈등한다. <br> 선과 악, 빛과 어둠, 영웅과 악당, 정의와 복수.. 무엇을 선택할 것인가","15세관람가",https://movie-phinf.pstatic.net/20220214_120/1644825641315cvVKI_JPEG/movie_image.jpg?type=m203_290_2,6193,5319,5319,,,맷 리브스,"로버트 패틴슨,폴 다노,조 크라비츠,앤디 서키스,제프리 라이트,콜린 파렐,피터 사스가드,존 터투로"
20223278,2,극장판 주술회전 0,Jujutsu Kaisen: Zero,2022-02-17 00:00:00.000,애니메이션,,104,"어릴 적 소꿉친구인 오리모토 리카를 교통사고로 눈앞에서 잃은 옷코츠 유타. <br>  <br> “약속해, 리카와 유타는 어른이 되면 결혼하기로” <br> 옷코츠는 원령으로 변한 리카의 저주에 괴로워한 나머지, 자신도 죽기를 바라지만 최강의 주술사인 고죠 사토루에 의해 주술고전에 들어가게 된다. 그리고 동급생인 젠인 마키, 이누마키 토게, 판다를 만나면서 굳은 결심을 한다. <br>  <br> “살아도 된다는 자신감이 필요해” <br> “나는 주술고전에서 리카의 저주를 풀겠습니다” <br> 한편, 옷코츠와 친구들 앞에 과거에 일반인을 대량으로 학살해서 고전에서 추방된 최악의 주저사인 게토 스구루가 나타난다. <br>  <br> “12월 24일, 우리는 백귀야행을 결행한다” <br> 주술사만의 낙원을 만들려는 게토는 비술사를 섬멸하겠다면서, 신주쿠와 교토에 천의 저주를 내리는데…과연 옷코츠는 게토를 막을 수 있을까? 그리고 리카의 저주를 풀 수 있을까?","15세관람가",https://movie-phinf.pstatic.net/20220217_242/1645084631470w6PTw_JPEG/movie_image.jpg?type=m203_290_2,306825,15314,-7657,,,박성후,"오가타 메구미,하나자와 카나,코마츠 미카코,우치야마 코우키,세키 토모카즈,나카무라 유이치,사쿠라이 타카히로"
20205443,10,나일 강의 죽음,Death on the Nile,2022-02-09 00:00:00.000,"범죄,드라마,미스터리",,126,"행복한 신혼부부를 태운 나일 강의 초호화 여객선 <br> 그곳에서 끔찍한 살인 사건이 벌어진다. <br>  <br> 위태롭고 불길한 분위기의 선상에서 탑승객들을 심문하는 탐정 ‘에르큘 포와로’ <br> 모두가 범인으로 의심되는 가운데, <br> 연이어 발생한 살인 사건은 그의 영혼을 송두리째 뒤흔들고, <br> 관객은 마지막 순간까지 예기치 못한 반전으로 놀라운 결말에 이르게 된다.","12세관람가",https://movie-phinf.pstatic.net/20220209_35/1644391235678J9KBy_JPEG/movie_image.jpg?type=m203_290_2,226572,1952,-1528,,,케네스 브래너,"케네스 브래너,갤 가돗,아미 해머,에마 매키"
