"MOVIE_POSTER_ID","MOVIE_ID","MOVIE_POSTER_URL"
1,20223278,https://img.cgv.co.kr/Movie/Thumbnail/StillCut/000085/85603/85603200171_727.jpg
2,20223278,https://img.cgv.co.kr/Movie/Thumbnail/StillCut/000085/85603/85603200170_727.jpg
3,20223278,https://img.cgv.co.kr/Movie/Thumbnail/StillCut/000085/85603/85603200168_727.jpg
4,20223278,https://img.cgv.co.kr/Movie/Thumbnail/StillCut/000085/85603/85603200167_727.jpg
5,20223278,https://img.cgv.co.kr/Movie/Thumbnail/StillCut/000085/85603/85603200165_727.jpg
6,20223278,https://img.cgv.co.kr/Movie/Thumbnail/StillCut/000085/85603/85603200163_727.jpg
7,20223278,https://img.cgv.co.kr/Movie/Thumbnail/StillCut/000085/85603/85603199539_727.jpg
8,20190299,https://img.cgv.co.kr/Movie/Thumbnail/StillCut/000085/85666/85666201276_727.jpg
9,20190299,https://img.cgv.co.kr/Movie/Thumbnail/StillCut/000085/85666/85666200778_727.jpg
10,20190299,https://img.cgv.co.kr/Movie/Thumbnail/StillCut/000085/85666/85666200777_727.jpg
11,20190299,https://img.cgv.co.kr/Movie/Thumbnail/StillCut/000085/85666/85666200614_727.jpg
12,20190299,https://img.cgv.co.kr/Movie/Thumbnail/StillCut/000085/85666/85666200342_727.jpg
13,20190299,https://img.cgv.co.kr/Movie/Thumbnail/StillCut/000085/85666/85666200341_727.jpg
14,20190299,https://img.cgv.co.kr/Movie/Thumbnail/StillCut/000085/85666/85666200340_727.jpg
15,20212973,https://img.cgv.co.kr/Movie/Thumbnail/StillCut/000085/85632/85632200251_727.jpg
16,20212973,https://img.cgv.co.kr/Movie/Thumbnail/StillCut/000085/85632/85632200250_727.jpg
17,20212973,https://img.cgv.co.kr/Movie/Thumbnail/StillCut/000085/85632/85632200249_727.jpg
18,20212973,https://img.cgv.co.kr/Movie/Thumbnail/StillCut/000085/85632/85632200248_727.jpg
19,20212973,https://img.cgv.co.kr/Movie/Thumbnail/StillCut/000085/85632/85632200121_727.jpg
20,20212973,https://img.cgv.co.kr/Movie/Thumbnail/StillCut/000085/85632/85632199841_727.jpg
21,20212973,https://img.cgv.co.kr/Movie/Thumbnail/StillCut/000085/85632/85632199698_727.jpg
