"MOVIE_POSTER_ID","MOVIE_ID","MOVIE_POSTER_URL"
1,85603,https://img.cgv.co.kr/Movie/Thumbnail/StillCut/000085/85603/85603200171_727.jpg
2,85603,https://img.cgv.co.kr/Movie/Thumbnail/StillCut/000085/85603/85603200170_727.jpg
3,85603,https://img.cgv.co.kr/Movie/Thumbnail/StillCut/000085/85603/85603200168_727.jpg
4,85603,https://img.cgv.co.kr/Movie/Thumbnail/StillCut/000085/85603/85603200167_727.jpg
5,85603,https://img.cgv.co.kr/Movie/Thumbnail/StillCut/000085/85603/85603200165_727.jpg
6,85603,https://img.cgv.co.kr/Movie/Thumbnail/StillCut/000085/85603/85603200163_727.jpg
