"PRODUCT_ID","PRODUCT_NAME","PRODUCT_CATEGORI","PRODUCT_CATEGORI_NAME","PRODUCT_PRICE","PRODUCT_SCRIPT","PRODUCT_IMG"
1,팝콘,5,팝콘,10000,맛,
3,,2,영화관람권,10000,,hicgv1.png
4,,2,영화관람권,10000,,hicgv2.png
2,콜라,6,음료,2000,콜라,
21,어니언팝콘,5,팝콘,12000,어니언,
22,어니언팝콘,5,팝콘,12000,어니언,
23,어니언팝콘,5,팝콘,12000,어니언,이미지없음
24,어니언팝콘,2,영화관람권,12000,어니언,이미지없음
25,어니언팝콘,2,영화관람권,12000,어니언,이미지없음
26,어니언팝콘,2,영화관람권,12000,어니언,이미지없음
27,어니언팝콘,2,영화관람권,12000,어니언,이미지없음
